loss,cer
0.050424503322274106,10.095652173913043
0.04958667195969373,9.826086956521738
0.04726187802293013,9.689855072463768
0.04236588182977434,9.318478260869565
0.03530069489950207,8.250434782608696
0.025491666845597092,7.0804347826086955
0.015623591233542377,6.2118012422360245
